[
    {
        "name": "imdbphp/imdbphp",
        "version": "v6.2.2",
        "version_normalized": "6.2.2.0",
        "source": {
            "type": "git",
            "url": "https://github.com/tboothman/imdbphp.git",
            "reference": "1cf649303c6cd12bf080487190a0d0d0fa340254"
        },
        "dist": {
            "type": "zip",
            "url": "https://api.github.com/repos/tboothman/imdbphp/zipball/1cf649303c6cd12bf080487190a0d0d0fa340254",
            "reference": "1cf649303c6cd12bf080487190a0d0d0fa340254",
            "shasum": ""
        },
        "require": {
            "ext-curl": "*",
            "ext-dom": "*",
            "ext-json": "*",
            "php": ">=5.6",
            "psr/log": "~1.0",
            "psr/simple-cache": "^1.0"
        },
        "require-dev": {
            "cache/array-adapter": "^1.0",
            "mockery/mockery": "~0.9",
            "phpstan/phpstan": "^0.9.2",
            "phpunit/phpunit": "5.4.8"
        },
        "time": "2019-06-02T11:05:00+00:00",
        "type": "library",
        "installation-source": "dist",
        "autoload": {
            "psr-4": {
                "Imdb\\": "src/Imdb"
            }
        },
        "notification-url": "https://packagist.org/downloads/",
        "license": [
            "GPL-2.0-or-later"
        ],
        "description": "Library for retrieving film and tv information from IMDb"
    },
    {
        "name": "paquettg/php-html-parser",
        "version": "2.0.2",
        "version_normalized": "2.0.2.0",
        "source": {
            "type": "git",
            "url": "https://github.com/paquettg/php-html-parser.git",
            "reference": "77e4a44b0916690b4300fe9abf98fd05bbba48f0"
        },
        "dist": {
            "type": "zip",
            "url": "https://api.github.com/repos/paquettg/php-html-parser/zipball/77e4a44b0916690b4300fe9abf98fd05bbba48f0",
            "reference": "77e4a44b0916690b4300fe9abf98fd05bbba48f0",
            "shasum": ""
        },
        "require": {
            "ext-mbstring": "*",
            "paquettg/string-encode": "~1.0.0",
            "php": ">=7.1"
        },
        "require-dev": {
            "mockery/mockery": "^1.2",
            "php-coveralls/php-coveralls": "^2.1",
            "phpunit/phpunit": "^7.5.1"
        },
        "time": "2019-02-10T01:35:49+00:00",
        "type": "library",
        "installation-source": "dist",
        "autoload": {
            "psr-0": {
                "PHPHtmlParser": "src/"
            }
        },
        "notification-url": "https://packagist.org/downloads/",
        "license": [
            "MIT"
        ],
        "authors": [
            {
                "name": "Gilles Paquette",
                "email": "paquettg@gmail.com",
                "homepage": "http://gillespaquette.ca"
            }
        ],
        "description": "An HTML DOM parser. It allows you to manipulate HTML. Find tags on an HTML page with selectors just like jQuery.",
        "homepage": "https://github.com/paquettg/php-html-parser",
        "keywords": [
            "dom",
            "html",
            "parser"
        ]
    },
    {
        "name": "paquettg/string-encode",
        "version": "1.0.1",
        "version_normalized": "1.0.1.0",
        "source": {
            "type": "git",
            "url": "https://github.com/paquettg/string-encoder.git",
            "reference": "a8708e9fac9d5ddfc8fc2aac6004e2cd05d80fee"
        },
        "dist": {
            "type": "zip",
            "url": "https://api.github.com/repos/paquettg/string-encoder/zipball/a8708e9fac9d5ddfc8fc2aac6004e2cd05d80fee",
            "reference": "a8708e9fac9d5ddfc8fc2aac6004e2cd05d80fee",
            "shasum": ""
        },
        "require": {
            "php": ">=7.1"
        },
        "require-dev": {
            "phpunit/phpunit": "^7.5.1"
        },
        "time": "2018-12-21T02:25:09+00:00",
        "type": "library",
        "installation-source": "dist",
        "autoload": {
            "psr-0": {
                "stringEncode": "src/"
            }
        },
        "notification-url": "https://packagist.org/downloads/",
        "license": [
            "MIT"
        ],
        "authors": [
            {
                "name": "Gilles Paquette",
                "email": "paquettg@gmail.com",
                "homepage": "http://gillespaquette.ca"
            }
        ],
        "description": "Facilitating the process of altering string encoding in PHP.",
        "homepage": "https://github.com/paquettg/string-encoder",
        "keywords": [
            "charset",
            "encoding",
            "string"
        ]
    },
    {
        "name": "psr/log",
        "version": "1.1.0",
        "version_normalized": "1.1.0.0",
        "source": {
            "type": "git",
            "url": "https://github.com/php-fig/log.git",
            "reference": "6c001f1daafa3a3ac1d8ff69ee4db8e799a654dd"
        },
        "dist": {
            "type": "zip",
            "url": "https://api.github.com/repos/php-fig/log/zipball/6c001f1daafa3a3ac1d8ff69ee4db8e799a654dd",
            "reference": "6c001f1daafa3a3ac1d8ff69ee4db8e799a654dd",
            "shasum": ""
        },
        "require": {
            "php": ">=5.3.0"
        },
        "time": "2018-11-20T15:27:04+00:00",
        "type": "library",
        "extra": {
            "branch-alias": {
                "dev-master": "1.0.x-dev"
            }
        },
        "installation-source": "dist",
        "autoload": {
            "psr-4": {
                "Psr\\Log\\": "Psr/Log/"
            }
        },
        "notification-url": "https://packagist.org/downloads/",
        "license": [
            "MIT"
        ],
        "authors": [
            {
                "name": "PHP-FIG",
                "homepage": "http://www.php-fig.org/"
            }
        ],
        "description": "Common interface for logging libraries",
        "homepage": "https://github.com/php-fig/log",
        "keywords": [
            "log",
            "psr",
            "psr-3"
        ]
    },
    {
        "name": "psr/simple-cache",
        "version": "1.0.1",
        "version_normalized": "1.0.1.0",
        "source": {
            "type": "git",
            "url": "https://github.com/php-fig/simple-cache.git",
            "reference": "408d5eafb83c57f6365a3ca330ff23aa4a5fa39b"
        },
        "dist": {
            "type": "zip",
            "url": "https://api.github.com/repos/php-fig/simple-cache/zipball/408d5eafb83c57f6365a3ca330ff23aa4a5fa39b",
            "reference": "408d5eafb83c57f6365a3ca330ff23aa4a5fa39b",
            "shasum": ""
        },
        "require": {
            "php": ">=5.3.0"
        },
        "time": "2017-10-23T01:57:42+00:00",
        "type": "library",
        "extra": {
            "branch-alias": {
                "dev-master": "1.0.x-dev"
            }
        },
        "installation-source": "dist",
        "autoload": {
            "psr-4": {
                "Psr\\SimpleCache\\": "src/"
            }
        },
        "notification-url": "https://packagist.org/downloads/",
        "license": [
            "MIT"
        ],
        "authors": [
            {
                "name": "PHP-FIG",
                "homepage": "http://www.php-fig.org/"
            }
        ],
        "description": "Common interfaces for simple caching",
        "keywords": [
            "cache",
            "caching",
            "psr",
            "psr-16",
            "simple-cache"
        ]
    }
]
